Time,Latitude,Longitude,Temperature,pH,Dissolved O2,Conductivity 0.1K,Conductivity 1K
08142022024405,0.000000,0.000000,39.273998,3.806000,0.000000,0.000000,0.000000
08142022024407,0.000000,0.000000,39.271000,3.809000,0.000000,0.000000,0.000000
08142022024410,0.000000,0.000000,39.266998,3.803000,0.000000,0.000000,0.000000
08142022024413,0.000000,0.000000,39.264999,3.809000,0.000000,0.000000,0.000000
08142022024415,0.000000,0.000000,39.266998,3.800000,0.000000,0.000000,0.000000
08142022024418,0.000000,0.000000,39.264999,3.804000,0.000000,0.000000,0.000000
08142022024420,0.000000,0.000000,39.250999,3.796000,0.000000,0.000000,0.000000
08142022024423,0.000000,0.000000,39.255001,3.799000,0.000000,0.000000,0.000000
08142022024425,0.000000,0.000000,39.255001,3.796000,0.000000,0.000000,0.000000
08142022024428,0.000000,0.000000,39.252998,3.792000,0.000000,0.000000,0.000000
08142022024431,0.000000,0.000000,39.254002,3.769000,0.000000,0.000000,0.000000
08142022024433,0.000000,0.000000,39.252998,3.777000,0.000000,0.000000,0.000000
08142022024436,0.000000,0.000000,39.247002,3.753000,0.000000,0.000000,0.000000
08142022024438,0.000000,0.000000,39.241001,3.752000,0.000000,0.000000,0.000000
08142022024441,0.000000,0.000000,39.237000,3.767000,0.000000,0.000000,0.000000
08142022024443,0.000000,0.000000,39.233002,3.729000,0.000000,0.000000,0.000000
08142022024446,0.000000,0.000000,39.236000,3.719000,0.000000,0.000000,0.000000
08142022024449,0.000000,0.000000,39.233002,3.664000,0.000000,0.000000,0.000000
08142022024451,0.000000,0.000000,39.229000,3.724000,0.000000,0.000000,0.000000
08142022024454,0.000000,0.000000,39.230999,3.695000,0.000000,0.000000,0.000000
08142022024456,0.000000,0.000000,39.241001,3.729000,0.000000,0.000000,0.000000
08142022024459,0.000000,0.000000,39.248001,3.710000,0.000000,0.000000,0.000000
08142022024501,0.000000,0.000000,39.244999,3.663000,0.000000,0.000000,0.000000
08142022024504,0.000000,0.000000,39.250000,3.639000,0.000000,0.000000,0.000000
08142022024507,0.000000,0.000000,39.248001,3.635000,0.000000,0.000000,0.000000
08142022024509,0.000000,0.000000,39.248001,3.663000,0.000000,0.000000,0.000000
08142022024512,0.000000,0.000000,39.247002,3.659000,0.000000,0.000000,0.000000
08142022024514,0.000000,0.000000,39.244999,3.643000,0.000000,0.000000,0.000000
08142022024517,0.000000,0.000000,39.243000,3.642000,0.000000,0.000000,0.000000
08142022024519,0.000000,0.000000,39.243000,3.641000,0.000000,0.000000,0.000000
08142022024522,0.000000,0.000000,39.247002,3.651000,0.000000,0.000000,0.000000
08142022024525,0.000000,0.000000,39.247002,3.642000,0.000000,0.000000,0.000000
08142022024527,0.000000,0.000000,39.249001,3.634000,0.000000,0.000000,0.000000
08142022024530,0.000000,0.000000,39.251999,3.648000,0.000000,0.000000,0.000000
08142022024532,0.000000,0.000000,39.252998,3.636000,0.000000,0.000000,0.000000
08142022024535,0.000000,0.000000,39.251999,3.635000,0.000000,0.000000,0.000000
08142022024537,0.000000,0.000000,39.243999,3.632000,0.000000,0.000000,0.000000
08142022024540,0.000000,0.000000,39.244999,3.634000,0.000000,0.000000,0.000000
08142022024543,0.000000,0.000000,39.243999,3.650000,0.000000,0.000000,0.000000
08142022024545,0.000000,0.000000,39.240002,3.642000,0.000000,0.000000,0.000000
08142022024548,0.000000,0.000000,39.243999,3.648000,0.000000,0.000000,0.000000
08142022024550,0.000000,0.000000,39.243999,3.648000,0.000000,0.000000,0.000000
08142022024553,0.000000,0.000000,39.240002,3.632000,0.000000,0.000000,0.000000
08142022024555,0.000000,0.000000,39.244999,3.633000,0.000000,0.000000,0.000000
08142022024558,0.000000,0.000000,39.242001,3.638000,0.000000,0.000000,0.000000
08142022024601,0.000000,0.000000,39.233002,3.632000,0.000000,0.000000,0.000000
08142022024603,0.000000,0.000000,39.235001,3.637000,0.000000,0.000000,0.000000
08142022024606,0.000000,0.000000,39.240002,3.634000,0.000000,0.000000,0.000000
08142022024608,0.000000,0.000000,39.240002,3.637000,0.000000,0.000000,0.000000
08142022024611,0.000000,0.000000,39.252998,3.633000,0.000000,0.000000,0.000000
08142022024613,0.000000,0.000000,39.251999,3.641000,0.000000,0.000000,0.000000
08142022024616,0.000000,0.000000,39.254002,3.638000,0.000000,0.000000,0.000000
08142022024619,0.000000,0.000000,39.259998,3.634000,0.000000,0.000000,0.000000
08142022024621,0.000000,0.000000,39.265999,3.639000,0.000000,0.000000,0.000000
08142022024624,0.000000,0.000000,39.268002,3.641000,0.000000,0.000000,0.000000
08142022024626,0.000000,0.000000,39.276001,3.635000,0.000000,0.000000,0.000000
08142022024629,0.000000,0.000000,39.278999,3.638000,0.000000,0.000000,0.000000
08142022024631,0.000000,0.000000,39.283001,3.632000,0.000000,0.000000,0.000000
08142022024634,0.000000,0.000000,39.284000,3.640000,0.000000,0.000000,0.000000
08142022024637,0.000000,0.000000,39.282001,3.635000,0.000000,0.000000,0.000000
08142022024639,0.000000,0.000000,39.284000,3.635000,0.000000,0.000000,0.000000
08142022024642,0.000000,0.000000,39.287998,3.635000,0.000000,0.000000,0.000000
08142022024644,0.000000,0.000000,39.292000,3.634000,0.000000,0.000000,0.000000
08142022024647,0.000000,0.000000,39.293999,3.633000,0.000000,0.000000,0.000000
08142022024649,0.000000,0.000000,39.293999,3.640000,0.000000,0.000000,0.000000
08142022024652,0.000000,0.000000,39.297001,3.636000,0.000000,0.000000,0.000000
08142022024655,0.000000,0.000000,39.300999,3.636000,0.000000,0.000000,0.000000
08142022024657,0.000000,0.000000,39.303001,3.634000,0.000000,0.000000,0.000000
08142022024700,0.000000,0.000000,39.305000,3.634000,0.000000,0.000000,0.000000
08142022024702,0.000000,0.000000,39.310001,3.638000,0.000000,0.000000,0.000000
08142022024705,0.000000,0.000000,39.312000,3.634000,0.000000,0.000000,0.000000
08142022024707,0.000000,0.000000,39.321999,3.635000,0.000000,0.000000,0.000000
08142022024710,0.000000,0.000000,39.323002,3.640000,0.000000,0.000000,0.000000
08142022024713,0.000000,0.000000,39.331001,3.638000,0.000000,0.000000,0.000000
08142022024715,0.000000,0.000000,39.333000,3.636000,0.000000,0.000000,0.000000
08142022024718,0.000000,0.000000,39.337002,3.628000,0.000000,0.000000,0.000000
08142022024720,0.000000,0.000000,39.342999,3.629000,0.000000,0.000000,0.000000
08142022024723,0.000000,0.000000,39.346001,3.637000,0.000000,0.000000,0.000000
08142022024725,0.000000,0.000000,39.351002,3.636000,0.000000,0.000000,0.000000
08142022024728,0.000000,0.000000,39.353001,3.638000,0.000000,0.000000,0.000000
08142022024731,0.000000,0.000000,39.359001,3.640000,0.000000,0.000000,0.000000
08142022024733,0.000000,0.000000,39.360001,3.636000,0.000000,0.000000,0.000000
08142022024736,0.000000,0.000000,39.362000,3.644000,0.000000,0.000000,0.000000
08142022024738,0.000000,0.000000,39.356998,3.633000,0.000000,0.000000,0.000000
08142022024741,0.000000,0.000000,39.362999,3.635000,0.000000,0.000000,0.000000
08142022024743,0.000000,0.000000,39.367001,3.629000,0.000000,0.000000,0.000000
08142022024746,0.000000,0.000000,39.362999,3.640000,0.000000,0.000000,0.000000
08142022024749,0.000000,0.000000,39.366001,3.646000,0.000000,0.000000,0.000000
08142022024751,0.000000,0.000000,39.368000,3.638000,0.000000,0.000000,0.000000
08142022024754,0.000000,0.000000,39.369999,3.639000,0.000000,0.000000,0.000000
08142022024756,0.000000,0.000000,39.382000,3.634000,0.000000,0.000000,0.000000
08142022024759,0.000000,0.000000,39.383999,3.642000,0.000000,0.000000,0.000000
08142022024802,0.000000,0.000000,39.386002,3.635000,0.000000,0.000000,0.000000
08142022024804,0.000000,0.000000,39.389000,3.644000,0.000000,0.000000,0.000000
08142022024807,0.000000,0.000000,39.396000,3.641000,0.000000,0.000000,0.000000
08142022024809,0.000000,0.000000,39.408001,3.643000,0.000000,0.000000,0.000000
08142022024812,0.000000,0.000000,39.414001,3.636000,0.000000,0.000000,0.000000
08142022024814,0.000000,0.000000,39.398998,3.638000,0.000000,0.000000,0.000000
08142022024817,0.000000,0.000000,39.418999,3.639000,0.000000,0.000000,0.000000
08142022024820,0.000000,0.000000,39.436001,3.640000,0.000000,0.000000,0.000000
08142022024822,0.000000,0.000000,39.441002,3.648000,0.000000,0.000000,0.000000
08142022024825,0.000000,0.000000,39.448002,3.638000,0.000000,0.000000,0.000000
08142022024827,0.000000,0.000000,39.446999,3.640000,0.000000,0.000000,0.000000
08142022024830,0.000000,0.000000,39.456001,3.643000,0.000000,0.000000,0.000000
08142022024832,0.000000,0.000000,39.470001,3.643000,0.000000,0.000000,0.000000
08142022024835,0.000000,0.000000,39.479000,3.642000,0.000000,0.000000,0.000000
08142022024838,0.000000,0.000000,39.492001,3.641000,0.000000,0.000000,0.000000
08142022024840,0.000000,0.000000,39.500999,3.644000,0.000000,0.000000,0.000000
08142022024843,0.000000,0.000000,39.506001,3.643000,0.000000,0.000000,0.000000
08142022024845,0.000000,0.000000,39.516998,3.638000,0.000000,0.000000,0.000000
08142022024848,0.000000,0.000000,39.516998,3.635000,0.000000,0.000000,0.000000
08142022024850,0.000000,0.000000,39.528000,3.642000,0.000000,0.000000,0.000000
08142022024853,0.000000,0.000000,39.521999,3.640000,0.000000,0.000000,0.000000
08142022024856,0.000000,0.000000,39.523998,3.643000,0.000000,0.000000,0.000000
08142022024858,0.000000,0.000000,39.528000,3.641000,0.000000,0.000000,0.000000
08142022024901,0.000000,0.000000,39.537998,3.645000,0.000000,0.000000,0.000000
08142022024903,0.000000,0.000000,39.543999,3.642000,0.000000,0.000000,0.000000
08142022024906,0.000000,0.000000,39.547001,3.635000,0.000000,0.000000,0.000000
08142022024908,0.000000,0.000000,39.555000,3.637000,0.000000,0.000000,0.000000
08142022024911,0.000000,0.000000,39.561001,3.643000,0.000000,0.000000,0.000000
08142022024914,0.000000,0.000000,39.567001,3.642000,0.000000,0.000000,0.000000
08142022024916,0.000000,0.000000,39.578999,3.644000,0.000000,0.000000,0.000000
08142022024919,0.000000,0.000000,39.590000,3.648000,0.000000,0.000000,0.000000
08142022024921,0.000000,0.000000,39.729000,3.645000,0.000000,0.000000,0.000000
08142022024924,0.000000,0.000000,39.588001,3.640000,0.000000,0.000000,0.000000
08142022024926,0.000000,0.000000,39.582001,3.639000,0.000000,0.000000,0.000000
08142022024929,0.000000,0.000000,39.585999,3.650000,0.000000,0.000000,0.000000
08142022024932,0.000000,0.000000,39.590000,3.641000,0.000000,0.000000,0.000000
08142022024934,0.000000,0.000000,39.598999,3.642000,0.000000,0.000000,0.000000
08142022024937,0.000000,0.000000,39.595001,3.646000,0.000000,0.000000,0.000000
08142022024939,0.000000,0.000000,39.595001,3.643000,0.000000,0.000000,0.000000
08142022024942,0.000000,0.000000,39.598999,3.641000,0.000000,0.000000,0.000000
08142022024944,0.000000,0.000000,39.604000,3.642000,0.000000,0.000000,0.000000
08142022024947,0.000000,0.000000,39.603001,3.641000,0.000000,0.000000,0.000000
08142022024950,0.000000,0.000000,39.605999,3.645000,0.000000,0.000000,0.000000
08142022024952,0.000000,0.000000,39.610001,3.644000,0.000000,0.000000,0.000000
08142022024955,0.000000,0.000000,39.619999,3.645000,0.000000,0.000000,0.000000
08142022024957,0.000000,0.000000,39.630001,3.640000,0.000000,0.000000,0.000000
08142022025000,0.000000,0.000000,39.634998,3.640000,0.000000,0.000000,0.000000
08142022025002,0.000000,0.000000,39.634998,3.639000,0.000000,0.000000,0.000000
08142022025005,0.000000,0.000000,39.637001,3.639000,0.000000,0.000000,0.000000
08142022025008,0.000000,0.000000,39.644001,3.639000,0.000000,0.000000,0.000000
08142022025010,0.000000,0.000000,39.647999,3.640000,0.000000,0.000000,0.000000
08142022025013,0.000000,0.000000,39.646999,3.642000,0.000000,0.000000,0.000000
08142022025015,0.000000,0.000000,39.650002,3.637000,0.000000,0.000000,0.000000
08142022025018,0.000000,0.000000,39.652000,3.640000,0.000000,0.000000,0.000000
08142022025020,0.000000,0.000000,39.657001,3.641000,0.000000,0.000000,0.000000
08142022025023,0.000000,0.000000,39.658001,3.641000,0.000000,0.000000,0.000000
08142022025026,0.000000,0.000000,39.660999,3.640000,0.000000,0.000000,0.000000
08142022025028,0.000000,0.000000,39.664001,3.640000,0.000000,0.000000,0.000000
08142022025031,0.000000,0.000000,39.671001,3.643000,0.000000,0.000000,0.000000
08142022025033,0.000000,0.000000,39.676998,3.636000,0.000000,0.000000,0.000000
08142022025036,0.000000,0.000000,39.675999,3.642000,0.000000,0.000000,0.000000
08142022025038,0.000000,0.000000,39.682999,3.640000,0.000000,0.000000,0.000000
08142022025041,0.000000,0.000000,39.686001,3.646000,0.000000,0.000000,0.000000
08142022025044,0.000000,0.000000,39.687000,3.642000,0.000000,0.000000,0.000000
08142022025046,0.000000,0.000000,39.692001,3.635000,0.000000,0.000000,0.000000
08142022025049,0.000000,0.000000,39.698002,3.646000,0.000000,0.000000,0.000000
08142022025051,0.000000,0.000000,39.708000,3.636000,0.000000,0.000000,0.000000
08142022025054,0.000000,0.000000,39.712002,3.638000,0.000000,0.000000,0.000000
08142022025056,0.000000,0.000000,39.717999,3.641000,0.000000,0.000000,0.000000
08142022025059,0.000000,0.000000,39.727001,3.645000,0.000000,0.000000,0.000000
08142022025102,0.000000,0.000000,39.738998,3.641000,0.000000,0.000000,0.000000
08142022025104,0.000000,0.000000,39.735001,3.640000,0.000000,0.000000,0.000000
08142022025107,0.000000,0.000000,39.733002,3.646000,0.000000,0.000000,0.000000
08142022025109,0.000000,0.000000,39.734001,3.643000,0.000000,0.000000,0.000000
08142022025112,0.000000,0.000000,39.737000,3.641000,0.000000,0.000000,0.000000
08142022025114,0.000000,0.000000,39.738998,3.641000,0.000000,0.000000,0.000000
08142022025117,0.000000,0.000000,39.733002,3.645000,0.000000,0.000000,0.000000
08142022025120,0.000000,0.000000,39.741001,3.643000,0.000000,0.000000,0.000000
08142022025122,0.000000,0.000000,39.733002,3.644000,0.000000,0.000000,0.000000
08142022025125,0.000000,0.000000,39.734001,3.644000,0.000000,0.000000,0.000000
08142022025127,0.000000,0.000000,39.738998,3.637000,0.000000,0.000000,0.000000
08142022025130,0.000000,0.000000,39.748001,3.635000,0.000000,0.000000,0.000000
08142022025132,0.000000,0.000000,39.755001,3.634000,0.000000,0.000000,0.000000
08142022025135,0.000000,0.000000,39.765999,3.640000,0.000000,0.000000,0.000000
08142022025138,0.000000,0.000000,39.771000,3.640000,0.000000,0.000000,0.000000
08142022025140,0.000000,0.000000,39.776001,3.637000,0.000000,0.000000,0.000000
08142022025143,0.000000,0.000000,39.770000,3.644000,0.000000,0.000000,0.000000
08142022025145,0.000000,0.000000,39.770000,3.637000,0.000000,0.000000,0.000000
08142022025148,0.000000,0.000000,39.764999,3.635000,0.000000,0.000000,0.000000
08142022025150,0.000000,0.000000,39.771000,3.642000,0.000000,0.000000,0.000000
08142022025153,0.000000,0.000000,39.765999,3.649000,0.000000,0.000000,0.000000
08142022025156,0.000000,0.000000,39.632000,3.644000,0.000000,0.000000,0.000000
08142022025158,0.000000,0.000000,39.651001,3.637000,0.000000,0.000000,0.000000
08142022025201,0.000000,0.000000,39.643002,3.643000,0.000000,0.000000,0.000000
08142022025203,0.000000,0.000000,39.660999,3.643000,0.000000,0.000000,0.000000
08142022025206,0.000000,0.000000,39.667999,3.638000,0.000000,0.000000,0.000000
08142022025208,0.000000,0.000000,39.679001,3.633000,0.000000,0.000000,0.000000
08142022025211,0.000000,0.000000,39.685001,3.644000,0.000000,0.000000,0.000000
08142022025214,0.000000,0.000000,39.683998,3.646000,0.000000,0.000000,0.000000
08142022025216,0.000000,0.000000,39.660999,3.647000,0.000000,0.000000,0.000000
08142022025219,0.000000,0.000000,39.644001,3.648000,0.000000,0.000000,0.000000
08142022025221,0.000000,0.000000,39.629002,3.644000,0.000000,0.000000,0.000000
08142022025224,0.000000,0.000000,39.623001,3.642000,0.000000,0.000000,0.000000
08142022025226,0.000000,0.000000,39.557999,3.645000,0.000000,0.000000,0.000000
08142022025229,0.000000,0.000000,39.567001,3.648000,0.000000,0.000000,0.000000
08142022025232,0.000000,0.000000,39.570999,3.644000,0.000000,0.000000,0.000000
08142022025234,0.000000,0.000000,39.574001,3.647000,0.000000,0.000000,0.000000
08142022025237,0.000000,0.000000,39.583000,3.648000,0.000000,0.000000,0.000000
08142022025239,0.000000,0.000000,39.588001,3.643000,0.000000,0.000000,0.000000
08142022025242,0.000000,0.000000,39.584999,3.642000,0.000000,0.000000,0.000000
08142022025244,0.000000,0.000000,39.576000,3.644000,0.000000,0.000000,0.000000
08142022025247,0.000000,0.000000,39.571999,3.644000,0.000000,0.000000,0.000000
08142022025250,0.000000,0.000000,39.570000,3.643000,0.000000,0.000000,0.000000
08142022025252,0.000000,0.000000,39.563999,3.648000,0.000000,0.000000,0.000000
08142022025255,0.000000,0.000000,39.562000,3.649000,0.000000,0.000000,0.000000
08142022025257,0.000000,0.000000,39.558998,3.641000,0.000000,0.000000,0.000000
08142022025300,0.000000,0.000000,39.560001,3.640000,0.000000,0.000000,0.000000
08142022025302,0.000000,0.000000,39.550999,3.636000,0.000000,0.000000,0.000000
08142022025305,0.000000,0.000000,39.553001,3.644000,0.000000,0.000000,0.000000
08142022025308,0.000000,0.000000,39.558998,3.641000,0.000000,0.000000,0.000000
08142022025310,0.000000,0.000000,39.557999,3.645000,0.000000,0.000000,0.000000
08142022025313,0.000000,0.000000,39.563999,3.645000,0.000000,0.000000,0.000000
08142022025315,0.000000,0.000000,39.571999,3.640000,0.000000,0.000000,0.000000
08142022025318,0.000000,0.000000,39.574001,3.639000,0.000000,0.000000,0.000000
08142022025320,0.000000,0.000000,39.573002,3.641000,0.000000,0.000000,0.000000
08142022025323,0.000000,0.000000,39.578999,3.645000,0.000000,0.000000,0.000000
08142022025326,0.000000,0.000000,39.582001,3.641000,0.000000,0.000000,0.000000
08142022025328,0.000000,0.000000,39.581001,3.639000,0.000000,0.000000,0.000000
08142022025331,0.000000,0.000000,39.584000,3.647000,0.000000,0.000000,0.000000
08142022025333,0.000000,0.000000,39.594002,3.638000,0.000000,0.000000,0.000000
08142022025336,0.000000,0.000000,39.603001,3.636000,0.000000,0.000000,0.000000
08142022025338,0.000000,0.000000,39.598000,3.641000,0.000000,0.000000,0.000000
08142022025341,0.000000,0.000000,39.590000,3.644000,0.000000,0.000000,0.000000
08142022025344,0.000000,0.000000,39.587002,3.642000,0.000000,0.000000,0.000000
08142022025346,0.000000,0.000000,39.584999,3.638000,0.000000,0.000000,0.000000
08142022025349,0.000000,0.000000,39.589001,3.642000,0.000000,0.000000,0.000000
08142022025351,0.000000,0.000000,39.585999,3.640000,0.000000,0.000000,0.000000
08142022025354,0.000000,0.000000,39.594002,3.639000,0.000000,0.000000,0.000000
08142022025357,0.000000,0.000000,39.602001,3.645000,0.000000,0.000000,0.000000
08142022025359,0.000000,0.000000,39.605999,3.647000,0.000000,0.000000,0.000000
08142022025402,0.000000,0.000000,39.610001,3.640000,0.000000,0.000000,0.000000
08142022025404,0.000000,0.000000,39.612000,3.638000,0.000000,0.000000,0.000000
08142022025407,0.000000,0.000000,39.634998,3.644000,0.000000,0.000000,0.000000
08142022025409,0.000000,0.000000,39.632000,3.638000,0.000000,0.000000,0.000000
08142022025412,0.000000,0.000000,39.631001,3.645000,0.000000,0.000000,0.000000
08142022025414,0.000000,0.000000,39.638000,3.645000,0.000000,0.000000,0.000000
08142022025417,0.000000,0.000000,39.641998,3.645000,0.000000,0.000000,0.000000
08142022025420,0.000000,0.000000,39.644001,3.644000,0.000000,0.000000,0.000000
08142022025422,0.000000,0.000000,39.643002,3.645000,0.000000,0.000000,0.000000
08142022025425,0.000000,0.000000,39.652000,3.645000,0.000000,0.000000,0.000000
08142022025427,0.000000,0.000000,39.655998,3.634000,0.000000,0.000000,0.000000
08142022025430,0.000000,0.000000,39.661999,3.641000,0.000000,0.000000,0.000000
08142022025432,0.000000,0.000000,39.660000,3.643000,0.000000,0.000000,0.000000
08142022025435,0.000000,0.000000,39.668999,3.644000,0.000000,0.000000,0.000000
08142022025438,0.000000,0.000000,39.668999,3.641000,0.000000,0.000000,0.000000
08142022025440,0.000000,0.000000,39.665001,3.640000,0.000000,0.000000,0.000000
08142022025443,0.000000,0.000000,39.666000,3.646000,0.000000,0.000000,0.000000
08142022025445,0.000000,0.000000,39.674000,3.643000,0.000000,0.000000,0.000000
08142022025448,0.000000,0.000000,39.686001,3.638000,0.000000,0.000000,0.000000
08142022025451,0.000000,0.000000,39.689999,3.641000,0.000000,0.000000,0.000000
08142022025453,0.000000,0.000000,39.703999,3.648000,0.000000,0.000000,0.000000
08142022025456,0.000000,0.000000,39.716999,3.647000,0.000000,0.000000,0.000000
08142022025458,0.000000,0.000000,39.730999,3.640000,0.000000,0.000000,0.000000
08142022025501,0.000000,0.000000,39.902000,3.645000,0.000000,0.000000,0.000000
08142022025503,0.000000,0.000000,39.743000,3.640000,0.000000,0.000000,0.000000
08142022025506,0.000000,0.000000,39.766998,3.640000,0.000000,0.000000,0.000000
08142022025509,0.000000,0.000000,39.891998,3.643000,0.000000,0.000000,0.000000
08142022025511,0.000000,0.000000,39.895000,3.648000,0.000000,0.000000,0.000000
08142022025514,0.000000,0.000000,39.882999,3.645000,0.000000,0.000000,0.000000
08142022025516,0.000000,0.000000,39.873001,3.641000,0.000000,0.000000,0.000000
08142022025519,0.000000,0.000000,39.868999,3.641000,0.000000,0.000000,0.000000
08142022025521,0.000000,0.000000,39.860001,3.646000,0.000000,0.000000,0.000000
08142022025524,0.000000,0.000000,39.860001,3.654000,0.000000,0.000000,0.000000
08142022025527,0.000000,0.000000,39.856998,3.643000,0.000000,0.000000,0.000000
08142022025529,0.000000,0.000000,39.851002,3.649000,0.000000,0.000000,0.000000
08142022025532,0.000000,0.000000,39.847000,3.646000,0.000000,0.000000,0.000000
08142022025534,0.000000,0.000000,39.845001,3.638000,0.000000,0.000000,0.000000
08142022025537,0.000000,0.000000,39.848999,3.641000,0.000000,0.000000,0.000000
08142022025539,0.000000,0.000000,39.854000,3.642000,0.000000,0.000000,0.000000
08142022025542,0.000000,0.000000,39.855000,3.646000,0.000000,0.000000,0.000000
08142022025545,0.000000,0.000000,39.855999,3.643000,0.000000,0.000000,0.000000
08142022025547,0.000000,0.000000,39.859001,3.640000,0.000000,0.000000,0.000000
08142022025550,0.000000,0.000000,39.855999,3.646000,0.000000,0.000000,0.000000
08142022025552,0.000000,0.000000,39.849998,3.645000,0.000000,0.000000,0.000000
08142022025555,0.000000,0.000000,45.880001,3.640000,0.000000,0.000000,0.000000
08142022025558,0.000000,0.000000,45.872002,3.643000,0.000000,0.000000,0.000000
08142022025600,0.000000,0.000000,45.859001,3.647000,0.000000,0.000000,0.000000
08142022025603,0.000000,0.000000,45.851002,3.651000,0.000000,0.000000,0.000000
08142022025605,0.000000,0.000000,45.715000,3.640000,0.000000,0.000000,0.000000
08142022025608,0.000000,0.000000,45.717999,3.647000,0.000000,0.000000,0.000000
08142022025610,0.000000,0.000000,45.727001,3.647000,0.000000,0.000000,0.000000
08142022025613,0.000000,0.000000,45.722000,3.648000,0.000000,0.000000,0.000000
08142022025616,0.000000,0.000000,45.728001,3.641000,0.000000,0.000000,0.000000
08142022025618,0.000000,0.000000,45.734001,3.650000,0.000000,0.000000,0.000000
08142022025621,0.000000,0.000000,45.731998,3.651000,0.000000,0.000000,0.000000
08142022025623,0.000000,0.000000,45.539001,3.638000,0.000000,0.000000,0.000000
08142022025626,0.000000,0.000000,45.520000,3.631000,0.000000,0.000000,0.000000
08142022025628,0.000000,0.000000,45.320999,3.641000,0.000000,0.000000,0.000000
08142022025631,0.000000,0.000000,45.099998,3.644000,0.000000,0.000000,0.000000
08142022025634,0.000000,0.000000,45.241001,3.643000,0.000000,0.000000,0.000000
08142022025636,0.000000,0.000000,45.077999,3.648000,0.000000,0.000000,0.000000
08142022025639,0.000000,0.000000,45.089001,3.645000,0.000000,0.000000,0.000000
08142022025641,0.000000,0.000000,45.080002,3.641000,0.000000,0.000000,0.000000
08142022025644,0.000000,0.000000,45.088001,3.636000,0.000000,0.000000,0.000000
08142022025646,0.000000,0.000000,45.094002,3.643000,0.000000,0.000000,0.000000
08142022025649,0.000000,0.000000,45.104000,3.645000,0.000000,0.000000,0.000000
08142022025652,0.000000,0.000000,45.111000,3.643000,0.000000,0.000000,0.000000
08142022025654,0.000000,0.000000,45.118000,3.635000,0.000000,0.000000,0.000000
08142022025657,0.000000,0.000000,45.127998,3.640000,0.000000,0.000000,0.000000
08142022025659,0.000000,0.000000,45.131001,3.638000,0.000000,0.000000,0.000000
08142022025702,0.000000,0.000000,45.119999,3.635000,0.000000,0.000000,0.000000
08142022025705,0.000000,0.000000,45.120998,3.641000,0.000000,0.000000,0.000000
08142022025707,0.000000,0.000000,45.117001,3.640000,0.000000,0.000000,0.000000
08142022025710,0.000000,0.000000,45.113998,3.652000,0.000000,0.000000,0.000000
08142022025712,0.000000,0.000000,45.110001,3.635000,0.000000,0.000000,0.000000
08142022025715,0.000000,0.000000,45.103001,3.643000,0.000000,0.000000,0.000000
08142022025717,0.000000,0.000000,45.090000,3.641000,0.000000,0.000000,0.000000
08142022025720,0.000000,0.000000,45.081001,3.646000,0.000000,0.000000,0.000000
08142022025723,0.000000,0.000000,45.084999,3.639000,0.000000,0.000000,0.000000
08142022025725,0.000000,0.000000,45.081001,3.650000,0.000000,0.000000,0.000000
08142022025728,0.000000,0.000000,45.083000,3.645000,0.000000,0.000000,0.000000
08142022025730,0.000000,0.000000,45.089001,3.639000,0.000000,0.000000,0.000000
08142022025733,0.000000,0.000000,45.095001,3.641000,0.000000,0.000000,0.000000
08142022025735,0.000000,0.000000,45.105999,3.641000,0.000000,0.000000,0.000000
08142022025738,0.000000,0.000000,45.113998,3.647000,0.000000,0.000000,0.000000
08142022025741,0.000000,0.000000,45.112000,3.637000,0.000000,0.000000,0.000000
08142022025743,0.000000,0.000000,45.104000,3.636000,0.000000,0.000000,0.000000
08142022025746,0.000000,0.000000,45.096001,3.639000,0.000000,0.000000,0.000000
08142022025748,0.000000,0.000000,45.105000,3.635000,0.000000,0.000000,0.000000
08142022025751,0.000000,0.000000,45.118000,3.632000,0.000000,0.000000,0.000000
08142022025753,0.000000,0.000000,45.125999,3.639000,0.000000,0.000000,0.000000
08142022025756,0.000000,0.000000,45.131001,3.642000,0.000000,0.000000,0.000000
08142022025759,0.000000,0.000000,45.143002,3.637000,0.000000,0.000000,0.000000
08142022025801,0.000000,0.000000,45.143002,3.632000,0.000000,0.000000,0.000000
08142022025804,0.000000,0.000000,45.154999,3.635000,0.000000,0.000000,0.000000
08142022025806,0.000000,0.000000,45.150002,3.635000,0.000000,0.000000,0.000000
08142022025809,0.000000,0.000000,45.153000,3.635000,0.000000,0.000000,0.000000
08142022025812,0.000000,0.000000,45.153999,3.634000,0.000000,0.000000,0.000000
08142022025814,0.000000,0.000000,45.158001,3.642000,0.000000,0.000000,0.000000
08142022025817,0.000000,0.000000,45.159000,3.635000,0.000000,0.000000,0.000000
08142022025819,0.000000,0.000000,45.171001,3.630000,0.000000,0.000000,0.000000
08142022025822,0.000000,0.000000,45.167000,3.636000,0.000000,0.000000,0.000000
08142022025824,0.000000,0.000000,45.167999,3.632000,0.000000,0.000000,0.000000
08142022025827,0.000000,0.000000,45.178001,3.634000,0.000000,0.000000,0.000000
08142022025830,0.000000,0.000000,45.180000,3.637000,0.000000,0.000000,0.000000
08142022025832,0.000000,0.000000,45.188999,3.643000,0.000000,0.000000,0.000000
08142022025835,0.000000,0.000000,45.195999,3.637000,0.000000,0.000000,0.000000
08142022025837,0.000000,0.000000,45.199001,3.631000,0.000000,0.000000,0.000000
08142022025840,0.000000,0.000000,45.202000,3.637000,0.000000,0.000000,0.000000
08142022025842,0.000000,0.000000,44.844002,3.640000,0.000000,0.000000,0.000000
08142022025845,0.000000,0.000000,45.834000,3.640000,0.000000,0.000000,0.000000
08142022025848,0.000000,0.000000,45.831001,3.637000,0.000000,0.000000,0.000000
08142022025850,0.000000,0.000000,45.838001,3.642000,0.000000,0.000000,0.000000
08142022025853,0.000000,0.000000,45.842999,3.643000,0.000000,0.000000,0.000000
08142022025855,0.000000,0.000000,45.845001,3.633000,0.000000,0.000000,0.000000
08142022025858,0.000000,0.000000,45.848999,3.635000,0.000000,0.000000,0.000000
08142022025900,0.000000,0.000000,45.855000,3.636000,0.000000,0.000000,0.000000
08142022025903,0.000000,0.000000,45.858002,3.641000,0.000000,0.000000,0.000000
08142022025906,0.000000,0.000000,45.863998,3.635000,0.000000,0.000000,0.000000
08142022025908,0.000000,0.000000,45.859001,3.626000,0.000000,0.000000,0.000000
08142022025911,0.000000,0.000000,45.856998,3.639000,0.000000,0.000000,0.000000
08142022025913,0.000000,0.000000,45.858002,3.637000,0.000000,0.000000,0.000000
08142022025916,0.000000,0.000000,45.862999,3.645000,0.000000,0.000000,0.000000
08142022025918,0.000000,0.000000,45.855999,3.633000,0.000000,0.000000,0.000000
08142022025921,0.000000,0.000000,45.844002,3.640000,0.000000,0.000000,0.000000
08142022025924,0.000000,0.000000,45.852001,3.644000,0.000000,0.000000,0.000000
08142022025926,0.000000,0.000000,45.851002,3.646000,0.000000,0.000000,0.000000
08142022025929,0.000000,0.000000,45.860001,3.643000,0.000000,0.000000,0.000000
08142022025931,0.000000,0.000000,45.861000,3.637000,0.000000,0.000000,0.000000
08142022025934,0.000000,0.000000,45.861000,3.642000,0.000000,0.000000,0.000000
08142022025936,0.000000,0.000000,45.867001,3.626000,0.000000,0.000000,0.000000
08142022025939,0.000000,0.000000,45.881001,3.634000,0.000000,0.000000,0.000000
08142022025942,0.000000,0.000000,45.884998,3.635000,0.000000,0.000000,0.000000
08142022025944,0.000000,0.000000,45.889000,3.648000,0.000000,0.000000,0.000000
08142022025947,0.000000,0.000000,45.897999,3.647000,0.000000,0.000000,0.000000
08142022025949,0.000000,0.000000,45.905998,3.641000,0.000000,0.000000,0.000000
08142022025952,0.000000,0.000000,45.910000,3.643000,0.000000,0.000000,0.000000
08142022025954,0.000000,0.000000,45.916000,3.636000,0.000000,0.000000,0.000000
08142022025957,0.000000,0.000000,45.924999,3.646000,0.000000,0.000000,0.000000
08142022030000,0.000000,0.000000,45.933998,3.641000,0.000000,0.000000,0.000000
08142022030002,0.000000,0.000000,45.931999,3.645000,0.000000,0.000000,0.000000
08142022030005,0.000000,0.000000,45.931000,3.648000,0.000000,0.000000,0.000000
08142022030007,0.000000,0.000000,45.926998,3.641000,0.000000,0.000000,0.000000
08142022030010,0.000000,0.000000,45.930000,3.646000,0.000000,0.000000,0.000000
08142022030012,0.000000,0.000000,45.938999,3.640000,0.000000,0.000000,0.000000
08142022030015,0.000000,0.000000,45.932999,3.650000,0.000000,0.000000,0.000000
08142022030018,0.000000,0.000000,45.933998,3.646000,0.000000,0.000000,0.000000
08142022030020,0.000000,0.000000,45.933998,3.648000,0.000000,0.000000,0.000000
08142022030023,0.000000,0.000000,45.936001,3.652000,0.000000,0.000000,0.000000
08142022030025,0.000000,0.000000,45.953999,3.642000,0.000000,0.000000,0.000000
08142022030028,0.000000,0.000000,45.969002,3.643000,0.000000,0.000000,0.000000
08142022030030,0.000000,0.000000,45.985001,3.640000,0.000000,0.000000,0.000000
08142022030033,0.000000,0.000000,45.993000,3.643000,0.000000,0.000000,0.000000
08142022030036,0.000000,0.000000,46.120998,3.636000,0.000000,0.000000,0.000000
08142022030038,0.000000,0.000000,46.099998,3.646000,0.000000,0.000000,0.000000
08142022030041,0.000000,0.000000,46.134998,3.646000,0.000000,0.000000,0.000000
08142022030043,0.000000,0.000000,46.125000,3.637000,0.000000,0.000000,0.000000
08142022030046,0.000000,0.000000,46.115002,3.643000,0.000000,0.000000,0.000000
08142022030048,0.000000,0.000000,46.103001,3.641000,0.000000,0.000000,0.000000
08142022030051,0.000000,0.000000,46.092999,3.646000,0.000000,0.000000,0.000000
08142022030054,0.000000,0.000000,46.088001,3.642000,0.000000,0.000000,0.000000
08142022030056,0.000000,0.000000,46.080002,3.643000,0.000000,0.000000,0.000000
08142022030059,0.000000,0.000000,46.082001,3.645000,0.000000,0.000000,0.000000
08142022030101,0.000000,0.000000,46.077000,3.635000,0.000000,0.000000,0.000000
08142022030104,0.000000,0.000000,46.078999,3.636000,0.000000,0.000000,0.000000
08142022030106,0.000000,0.000000,46.080002,3.640000,0.000000,0.000000,0.000000
08142022030109,0.000000,0.000000,46.081001,3.647000,0.000000,0.000000,0.000000
08142022030112,0.000000,0.000000,46.076000,3.638000,0.000000,0.000000,0.000000
08142022030114,0.000000,0.000000,46.071999,3.635000,0.000000,0.000000,0.000000
08142022030117,0.000000,0.000000,45.887001,3.648000,0.000000,0.000000,0.000000
08142022030119,0.000000,0.000000,46.073002,3.633000,0.000000,0.000000,0.000000
08142022030122,0.000000,0.000000,46.076000,3.640000,0.000000,0.000000,0.000000
08142022030124,0.000000,0.000000,46.080002,3.638000,0.000000,0.000000,0.000000
08142022030127,0.000000,0.000000,46.092999,3.644000,0.000000,0.000000,0.000000
08142022030130,0.000000,0.000000,46.096001,3.641000,0.000000,0.000000,0.000000
08142022030132,0.000000,0.000000,46.099998,3.635000,0.000000,0.000000,0.000000
08142022030135,0.000000,0.000000,46.117001,3.646000,0.000000,0.000000,0.000000
08142022030137,0.000000,0.000000,46.129002,3.626000,0.000000,0.000000,0.000000
08142022030140,0.000000,0.000000,46.146000,3.633000,0.000000,0.000000,0.000000
08142022030143,0.000000,0.000000,46.160000,3.640000,0.000000,0.000000,0.000000
08142022030145,0.000000,0.000000,46.182999,3.646000,0.000000,0.000000,0.000000
08142022030148,0.000000,0.000000,46.186001,3.642000,0.000000,0.000000,0.000000
08142022030150,0.000000,0.000000,46.180000,3.640000,0.000000,0.000000,0.000000
08142022030153,0.000000,0.000000,46.187000,3.645000,0.000000,0.000000,0.000000
08142022030155,0.000000,0.000000,46.187000,3.645000,0.000000,0.000000,0.000000
08142022030158,0.000000,0.000000,46.181000,3.641000,0.000000,0.000000,0.000000
08142022030201,0.000000,0.000000,46.183998,3.642000,0.000000,0.000000,0.000000
08142022030203,0.000000,0.000000,46.180000,3.643000,0.000000,0.000000,0.000000
08142022030206,0.000000,0.000000,46.180000,3.639000,0.000000,0.000000,0.000000
08142022030208,0.000000,0.000000,46.181999,3.639000,0.000000,0.000000,0.000000
08142022030211,0.000000,0.000000,46.185001,3.643000,0.000000,0.000000,0.000000
08142022030213,0.000000,0.000000,46.187000,3.640000,0.000000,0.000000,0.000000
08142022030216,0.000000,0.000000,46.194000,3.636000,0.000000,0.000000,0.000000
08142022030219,0.000000,0.000000,46.195999,3.642000,0.000000,0.000000,0.000000
08142022030221,0.000000,0.000000,46.196999,3.645000,0.000000,0.000000,0.000000
08142022030224,0.000000,0.000000,46.196999,3.645000,0.000000,0.000000,0.000000
08142022030226,0.000000,0.000000,46.198002,3.636000,0.000000,0.000000,0.000000
08142022030229,0.000000,0.000000,46.199001,3.643000,0.000000,0.000000,0.000000
08142022030231,0.000000,0.000000,46.201000,3.640000,0.000000,0.000000,0.000000
08142022030234,0.000000,0.000000,46.209999,3.639000,0.000000,0.000000,0.000000
08142022030237,0.000000,0.000000,46.223000,3.643000,0.000000,0.000000,0.000000
08142022030239,0.000000,0.000000,46.227001,3.646000,0.000000,0.000000,0.000000
08142022030242,0.000000,0.000000,46.227001,3.647000,0.000000,0.000000,0.000000
08142022030244,0.000000,0.000000,46.219002,3.638000,0.000000,0.000000,0.000000
08142022030247,0.000000,0.000000,46.216999,3.642000,0.000000,0.000000,0.000000
08142022030249,0.000000,0.000000,46.210999,3.637000,0.000000,0.000000,0.000000
08142022030252,0.000000,0.000000,46.209000,3.635000,0.000000,0.000000,0.000000
08142022030255,0.000000,0.000000,46.206001,3.643000,0.000000,0.000000,0.000000
08142022030257,0.000000,0.000000,46.205002,3.644000,0.000000,0.000000,0.000000
08142022030300,0.000000,0.000000,46.199001,3.647000,0.000000,0.000000,0.000000
